TIME;TIME;2000;2001;2002;2003;2004;2005;2006;2007;2008;2009;2010;2011;2012;2013;2014;2015;2016;2017;2018;2019;2020;2021;2022;2023
GEO (Codes);GEO (Labels);;;;;;;;;;;;;;;;;;;;;;;;
CZ010;Hlavní město Praha;15 172,51;17 419,4;21 005,43;21 748,75;23 859,75;27 790,42;31 427,99;36 242,19;42 639,12;39 268,73;42 712,99;42 999,47;42 300,9;41 777,87;41 276,12;44 677,59;47 203,14;51 669,81;57 171,96;61 469,81;58 671,75;66 697,28;79 463,73;85 494,29
CZ020;Středočeský kraj;7 366,39;8 312;9 768,36;9 667,74;10 527,55;11 626,58;13 576,08;15 735,98;17 950,25;16 242,51;17 261,33;18 718,03;18 612,94;17 961,78;18 239,69;19 625,81;21 180,44;23 483,02;25 114,35;28 086,79;26 226,77;29 091,23;33 943,37;37 757,12
CZ031;Jihočeský kraj;3 872,81;4 296,97;4 886,22;4 859,59;5 249,77;6 046,18;6 735,27;7 067,4;8 116,59;7 595,41;8 014,97;8 264,57;8 285,54;8 061,96;7 844,82;8 340,5;8 678,04;9 661,01;10 426,54;11 215,76;10 958,45;12 073,55;14 278,41;16 154
CZ032;Plzeňský kraj;3 382,47;3 835,78;4 376,44;4 488,16;5 042,45;5 530,58;6 384,6;6 303,12;7 565,63;7 302,11;7 873,3;8 270,47;7 902,63;8 020,25;7 990,62;8 508,89;8 932,28;9 786,75;10 533,74;11 088,5;10 653,18;11 824,8;13 412,44;15 300,6
CZ041;Karlovarský kraj;1 712,68;1 859,65;2 123,05;2 139,66;2 226,72;2 470,09;2 669;2 834,25;3 326,16;3 149,11;3 229,67;3 327,37;3 208,72;3 128,71;3 019,47;3 127,34;3 245,09;3 544,46;3 720,11;3 889,57;3 658,02;3 945,35;4 605,18;5 217,83
CZ042;Ústecký kraj;4 461,13;4 913,53;5 600,38;5 796,22;6 213,36;7 071,43;7 918,25;8 611,75;9 938,08;9 509,48;9 670,23;9 886,73;9 738,84;9 348,53;9 073;9 905,74;9 954,69;10 796,69;11 434,11;12 469,09;11 708,24;13 057;15 739,2;17 457,97
CZ051;Liberecký kraj;2 573,11;2 880,99;3 254,95;3 049,64;3 256,75;3 852,83;4 275,71;4 554,34;5 108,33;4 654,46;5 040,61;5 284,74;5 223,76;5 148,44;5 137,77;5 474,06;5 730,57;6 304,63;6 794,79;7 258,92;6 972,03;7 494,11;8 488,05;9 570,14
CZ052;Královéhradecký kraj;3 378,25;3 752,71;4 184,72;4 176,1;4 533,12;5 064,03;5 561,72;6 194,31;7 099,47;6 683,81;7 067,56;7 365,25;7 217,99;7 136,62;7 048,98;7 616,88;8 118,85;9 114,05;9 773,68;10 542,59;10 273,89;11 177,74;12 502,93;14 251,33
CZ053;Pardubický kraj;2 847,19;3 193,95;3 636,94;3 671,4;3 929,47;4 358,25;5 022,69;5 634,96;6 356,82;5 829,63;6 253,18;6 730,14;6 242,28;6 174,5;6 209,41;6 639,1;7 003,61;7 802,83;8 427,35;8 917,37;8 898,07;9 536,28;11 375,7;12 632,86
CZ063;Kraj Vysočina;2 821,3;3 298,11;3 735,38;3 745,6;3 969,49;4 512,68;5 089,66;5 665,03;6 274,05;5 879,89;6 185,17;6 606,87;6 602,79;6 458,99;6 396,45;6 712,21;7 049,99;7 765,09;8 196;8 873,26;8 884,64;9 891,75;11 321,19;13 058,75
CZ064;Jihomoravský kraj;6 779,58;7 657,25;8 762,97;8 971,17;9 656,48;10 923,4;12 330,21;14 093,99;16 855,54;15 400,83;16 513,57;17 499,65;17 356,58;17 451,22;16 788,15;18 118,99;18 730,99;20 479,02;22 701,38;24 433,42;24 170,79;27 338,03;31 345,91;34 586,87
CZ071;Olomoucký kraj;3 351,68;3 724,19;4 116,34;4 198,66;4 596,51;5 021,75;5 536,13;6 146,26;7 142,25;6 606,29;7 125,15;7 574,76;7 455,3;7 250,22;7 200,07;7 753,69;8 167,33;9 054,45;9 773,08;10 463,88;10 257,98;11 415,32;13 127,53;14 482,58
CZ072;Zlínský kraj;3 197,46;3 614,92;4 104,56;4 145,67;4 398,02;5 058,46;5 798,21;6 135,56;7 619,89;6 984,6;7 343,83;7 759,31;7 576,25;7 478,06;7 609,07;8 027;8 396,06;9 207,96;9 765,34;10 554,47;10 088,7;11 055,61;12 596,06;14 129,38
CZ080;Moravskoslezský kraj;6 492,64;7 311,18;8 240,2;8 307,18;9 363,4;11 092,13;12 233,51;13 678,39;15 859,99;14 146,21;15 214,55;16 258,18;16 034,92;15 072,89;15 157,91;15 999,45;16 754,79;18 068,97;19 672,97;20 143,25;18 888,13;21 414,23;24 777,1;27 292,07
EE001;Põhja-Eesti;3 544,37;4 043,61;4 578,54;5 163,63;5 865,93;6 735,91;8 196,28;9 715,22;9 749,29;8 612,26;8 831,18;10 288,41;11 325,21;12 043,12;12 809,97;13 189,2;14 001,39;15 337,53;16 420,92;17 477,96;17 308,32;19 033,51;22 150,09;23 574,69
EE004;Lääne-Eesti;564,44;636,15;683,74;728,64;810,78;985,63;1 145,59;1 416,94;1 401,63;1 082,74;1 321,01;1 313,95;1 364,66;1 389,3;1 359,67;1 453,49;1 593,63;1 664,08;1 807,56;2 077,95;1 996,63;2 231,58;2 587,82;2 685,25
EE008;Lõuna-Eesti;1 089,88;1 231,4;1 381,57;1 564,61;1 688,62;2 000,94;2 339,99;2 924,82;3 088,04;2 643,36;2 564,78;2 828,09;3 015,3;3 186,92;3 458,4;3 692,46;3 874,41;4 244,85;4 717,82;5 234,47;5 219,95;6 085,36;6 762,5;7 093,7
EE009;Kesk-Eesti;452,49;490,14;559,01;597,5;662,19;730,93;865,86;1 104,33;1 054,8;801,29;889,61;997,37;1 067,29;1 069,45;1 212,06;1 259,67;1 287,08;1 463,76;1 581,17;1 802,53;1 689,88;1 935,33;2 181,43;2 219,28
EE00A;Kirde-Eesti;520,45;580,82;622;692,33;752,11;892,02;1 023,44;1 240,85;1 325,15;992,89;1 135,19;1 314,04;1 314,1;1 474,44;1 525,49;1 416,06;1 432,45;1 605,92;1 911;1 879,15;1 644,51;2 170,46;2 760,97;2 614,87
ES111;A Coruña;13 937,8;14 938,8;16 277,5;17 430,5;18 770,9;20 386,2;21 987,7;23 913,1;24 947,8;24 535,9;24 892,2;24 350,7;23 406,1;23 402,5;23 270,8;24 557,8;25 451,5;26 097,8;27 211,9;27 819,4;25 501,4;27 529,8;30 969,7;:
ES112;Lugo;4 271,6;4 632,3;4 808;5 126,8;5 470,7;6 123,9;6 571,8;6 903,4;7 032,3;6 744;6 993,4;6 999,3;6 882,1;6 921,1;7 112;7 495,9;7 472,9;7 458,9;7 769;7 822,9;6 945,1;7 637,5;8 636,2;:
ES113;Ourense;3 797,8;4 168,2;4 520,8;4 765,6;4 962,1;5 320,1;5 688,6;5 985,8;6 252,4;5 936,7;6 119,6;6 174;6 065,9;5 948,5;5 918,5;6 092,2;6 317,4;6 517,8;6 785,2;7 138,9;6 420,4;7 262,7;7 946,2;:
ES114;Pontevedra;11 432,2;12 290,2;12 834,5;13 816,8;15 046,1;16 125,1;17 712,2;19 203,4;20 021,5;19 036,5;18 782,1;18 292,9;17 667,2;17 766,7;18 110;18 864,7;19 322,2;20 556,3;20 883,4;21 720,8;20 140,3;21 957,5;23 813,8;:
ES120;Asturias;14 156,3;15 252,7;16 131,6;17 036,4;18 115,3;19 638;21 339;22 873,6;23 614,3;22 366,4;22 590,6;22 261,8;21 265,2;20 693,9;20 636,3;21 388,1;21 675,4;22 538,3;23 185,7;23 666,6;21 376,4;23 617,6;26 481,2;:
ES130;Cantabria;7 985,5;8 636,3;9 208,7;9 699,4;10 327,2;11 148,7;11 951,9;12 838,7;13 280,9;12 811,7;12 882,8;12 680,3;12 224,9;11 944,1;12 158,5;12 443,8;12 833,9;13 318;13 843,9;14 274,4;12 991,2;14 206,5;15 540,5;:
ES211;Araba/Álava;6 295,8;6 838,1;7 408,3;7 849,4;8 436,3;9 183,6;10 187,2;11 053,7;11 638,5;10 804,9;10 777,3;10 873,4;10 581,1;10 688,2;11 006,6;11 296,8;11 960,7;12 336,1;12 721,2;12 797,5;11 764,2;11 958,5;12 935,3;:
ES212;Gipuzkoa;13 493,6;14 803,6;15 368,9;15 952,4;17 001,9;18 110;19 899,6;21 258,9;21 556,1;20 537,5;20 884,4;20 843,7;20 384,3;20 033,7;20 167,8;20 889,7;21 467,9;22 934,9;23 594,1;24 464,8;21 891,8;24 644,4;26 736,2;:
ES213;Bizkaia;20 944,8;21 873,6;23 113,8;24 601,9;26 056,9;28 070,6;29 785;31 577;33 187,8;32 259,3;32 762,9;32 190,2;31 377,6;30 774,8;31 462,6;32 886,8;33 686,3;34 314,3;35 599,9;36 737,7;33 016,6;35 910,2;40 809,5;:
ES220;Navarra;11 309;12 052,3;12 847,8;13 652,2;14 550,3;15 630,2;16 772,2;17 870,5;18 620,3;18 001,9;18 089,1;18 058,4;17 377,7;17 346,7;17 642;18 334,4;18 911,3;19 698,8;20 236;21 070,3;19 160,7;20 821,2;23 211,1;:
ES230;La Rioja;4 931,4;5 273;5 566,9;6 021,5;6 383,7;6 868,9;7 427;7 961,8;8 264,9;7 911,9;8 008,6;7 945,4;7 669;7 581,1;7 738,4;8 033,1;8 074,1;8 351,7;8 649,9;8 890;8 186,9;8 735,9;9 713,3;:
ES241;Huesca;3 348,4;3 715,3;4 011,7;4 298,4;4 531,1;4 766,3;5 166,2;5 732,9;6 153,1;5 782,7;5 914,3;5 873,4;5 582,7;5 740,8;5 685,2;5 739,4;6 224,1;6 275,2;6 339,7;6 567,3;6 331;6 780,2;7 478,5;:
ES242;Teruel;2 342,9;2 493,7;2 654,4;2 737,4;2 878,6;3 137;3 366,2;3 612,3;3 770,3;3 525,7;3 509,2;3 446,3;3 351,6;3 366,9;3 372,9;3 287,5;3 256,3;3 222,8;3 381,3;3 422,5;3 120,5;3 529,1;4 052;:
ES243;Zaragoza;14 740,4;15 726,1;17 066,8;18 293,3;19 566,1;21 078,8;22 879,3;24 803,3;25 516,3;24 505,7;24 676,8;24 311,8;23 235,5;23 216,2;23 544,4;24 239;25 061,8;26 485,6;27 492,9;28 475,2;26 504;28 473,1;31 923,1;:
ES300;Madrid;113 369,2;123 638,3;132 944,6;142 555,3;153 296,9;165 662;180 932,5;194 151,5;201 865,6;199 290,1;198 289,8;199 623,7;196 359,7;193 344,5;196 018,1;206 231,5;214 469,1;224 373,2;233 735,8;243 889,4;221 061,9;239 837;267 578,5;:
ES411;Ávila;2 067,4;2 141,2;2 212,5;2 321,5;2 520,4;2 620,6;2 843,4;3 130,9;3 217,9;3 124,7;3 113,4;3 111,1;3 043,9;2 954;2 944,7;2 996,7;3 003,3;3 088;3 192;3 296,5;3 056,4;3 247,7;3 487,6;:
ES412;Burgos;6 225;6 493,5;6 860,2;7 367,3;7 883,8;8 453,3;8 910,5;9 580,7;10 025,4;9 512,6;9 548,1;9 600,7;9 431,2;9 068,4;8 995,2;9 253,7;9 572,1;10 054,3;10 494,2;10 628,5;9 620,3;10 223,9;10 721,8;:
ES413;León;6 491,9;6 956,6;7 251;7 573,1;7 930,4;8 681,1;9 296,4;9 862,5;10 050,5;9 904,1;9 847,5;9 676,2;9 391,7;9 068,6;9 027,9;9 257,8;9 232;9 506,1;9 777,6;10 041,8;9 276,5;10 454,2;11 680,7;:
ES414;Palencia;2 560,1;2 734;3 021;3 233,7;3 418,1;3 638,1;3 813,3;4 179,6;4 280,9;4 091,7;4 031;4 050,9;3 814,8;3 770,1;3 731,5;3 935,4;4 171,9;4 070,3;4 375,1;4 417,9;4 042,4;4 326,9;4 647,4;:
ES415;Salamanca;4 350,8;4 790,9;5 046,4;5 454,6;5 737,5;5 965,9;6 312;6 631;6 756,9;6 705,1;6 445,7;6 403,4;6 167,1;5 985,9;6 016,7;6 255,8;6 511,4;6 692,4;6 894,1;7 149,7;6 583,5;7 387;8 569,9;:
ES416;Segovia;2 328,3;2 425,9;2 634,5;2 809,9;2 964;3 220,8;3 453,9;3 680,7;3 639,1;3 464,4;3 506,7;3 433,7;3 264,7;3 195;3 244,7;3 386,8;3 377,9;3 260,1;3 378;3 482,5;3 163,7;3 646,8;3 977,4;:
ES417;Soria;1 436,7;1 483,8;1 610,9;1 722,6;1 853,9;1 884,4;2 002,5;2 149;2 212,9;2 101,8;2 185,8;2 178,6;2 050,2;2 063,5;2 089,4;2 157,7;2 163,6;2 209,6;2 492,2;2 530,2;2 291,7;2 556,1;2 808;:
ES418;Valladolid;7 985,4;8 545,8;9 082,5;9 522,9;10 152,7;10 939;11 656,2;12 426,5;12 561,3;12 091;12 493,8;12 301,1;11 883,2;11 780,1;11 979,6;12 477,8;13 121,2;13 737,4;14 353,7;14 611,2;13 556;13 949,4;15 187,5;:
ES419;Zamora;2 221,1;2 368,4;2 521,8;2 705,2;2 908,1;2 974,4;3 275,8;3 489,6;3 550,5;3 456,7;3 520,6;3 573,2;3 542,9;3 394,9;3 353,9;3 461,6;3 477,1;3 261,1;3 369,9;3 491;3 204;3 673,7;4 041,2;:
ES421;Albacete;4 356,4;4 795,7;5 217,6;5 438,1;5 802,7;6 260,7;6 734,9;7 104,3;7 511,7;7 493,6;7 476;7 336,1;7 136,9;7 071,7;6 986,5;7 415,3;7 570,4;7 992,9;8 285,3;8 627,2;8 010,4;8 853,5;9 485,9;:
ES422;Ciudad Real;6 136,4;6 503,8;7 039,1;7 731,3;8 325,3;8 715,7;9 412,1;10 269,3;10 626;10 149,2;10 303,9;10 247,3;9 900,4;9 580,4;9 333,1;10 090,7;10 345,5;10 690,2;10 906,7;11 016;10 182,6;10 481;12 157,2;:
ES423;Cuenca;2 435,4;2 592,2;2 727,1;2 935,2;3 265;3 515,6;3 838,4;4 222,9;4 260,3;4 103,5;4 235,3;4 283,1;4 156,8;4 098,2;4 001,5;4 214,1;4 290,1;4 421,1;4 599,8;4 587,8;4 253,7;4 975,1;5 602,4;:
ES424;Guadalajara;2 459,2;2 768,9;3 041;3 310,2;3 542,5;4 001,7;4 319;4 764;5 070,1;4 863,6;4 991,7;5 046,7;4 883,2;4 726;4 501,7;4 519;4 750,6;5 106;5 379,9;5 647,9;5 225,2;5 804,6;6 530,7;:
ES425;Toledo;6 977,3;7 640;8 068,8;8 864;9 340,7;10 563,3;11 690,8;12 859,3;13 318,3;12 745,7;12 429,4;12 143,6;11 566,9;11 434,3;11 314;11 759;12 179,6;12 558,7;13 119,3;13 514,5;12 582,4;14 009,9;15 899,5;:
ES431;Badajoz;6 852,9;7 329,7;7 806;8 379,4;8 780,7;9 822,7;10 428,5;11 325,2;11 921,8;11 591,1;11 631;11 431,1;10 820,2;10 853,8;10 798,7;11 445;11 776,5;12 419,8;12 609,6;12 839;11 979,2;12 729,6;13 543,3;:
ES432;Cáceres;4 258,3;4 576,7;4 890,7;5 194,9;5 728,5;5 953,9;6 398,5;6 811,7;6 920,6;6 779,1;7 021,4;6 842,8;6 759,3;6 752,7;6 766;7 050;7 293;7 749,7;8 103,6;8 327,2;7 518,1;8 822,1;9 597,1;:
ES511;Barcelona;92 612,4;99 802,4;105 375,6;112 641,9;120 114,3;130 230,4;140 279,8;150 182,6;153 912,6;148 013,9;149 085,1;147 153,5;142 976,2;142 239,6;145 147,3;151 999,3;158 516,2;166 618;173 436,3;180 560,2;161 885,1;173 917,4;191 752,6;:
ES512;Girona;10 885,6;12 060,5;13 245;14 267;15 505,6;16 754,3;18 739,1;19 904;20 304,4;19 663,9;19 925,6;19 613,1;19 171,2;18 840,1;19 103,2;19 879,7;20 769,5;20 612,2;21 178,9;22 059,6;19 755,9;23 347,8;26 248,4;:
ES513;Lleida;6 931,8;7 613,3;8 251;8 931;9 417,2;9 694,6;10 817,7;11 636,8;12 149,6;11 949,6;11 977,4;11 908,5;11 815,5;11 917,3;11 995,1;12 512,9;12 160,5;11 803,3;12 191,7;12 766,2;11 635,3;12 954,4;13 716;:
ES514;Tarragona;12 138,9;13 340,1;14 811,5;15 800,6;17 482,6;17 904,6;19 416,7;21 018,7;21 795,3;21 117,9;21 614,1;21 264,1;20 549,8;20 331,9;20 753,9;22 042,4;23 056,4;24 106,2;24 294,4;24 779,8;21 581,1;24 600,6;26 968,7;:
ES521;Alicante/Alacant;20 337;22 403,6;23 955,5;25 787,9;28 045;30 492,7;32 872,9;34 635,1;35 444,2;33 342,9;32 903,5;31 797,6;30 426,2;30 216,2;31 138,7;32 372,3;33 899,1;35 422,9;36 463,6;37 807,9;34 503,4;38 470,1;41 757,3;:
ES522;Castellón/Castelló;8 811,6;9 420,2;9 910;10 422;10 907,7;12 186,3;13 353;13 761,5;13 911;13 252,4;13 333,1;13 533,6;12 669,2;12 619,8;12 734,9;13 628,6;14 223;15 506;15 685,3;16 135,2;14 341,2;15 775,6;17 445,7;:
ES523;Valencia/València;33 620,7;36 749,3;39 503,4;42 025,1;44 839,9;47 646,6;51 864,8;56 440,1;58 595,8;55 394,7;55 633,4;55 056,3;52 740,5;52 274,1;53 382,4;55 213,4;56 083,3;57 737,7;60 600,8;62 645,5;57 222,6;62 141,1;68 387,2;:
ES531;Eivissa y Formentera;1 591,1;1 736,5;1 867,8;1 996;2 117,8;2 304,4;2 530,9;2 719,1;2 873;2 804,1;2 923,8;3 033,4;3 124,5;3 167,7;3 396,2;3 653,6;3 915,9;4 125,1;4 355,9;4 527,6;3 153,4;3 887,5;5 006,3;:
ES532;Mallorca;13 670,8;14 805,8;15 636,4;16 358,3;17 498,6;18 928,9;20 559,5;22 104,6;23 051,3;22 099;22 020;21 809,6;21 372;21 326,9;21 949,8;23 182,5;24 423,5;25 641,6;26 786,3;27 741,2;21 902,3;24 737,5;29 836,7;:
ES533;Menorca;1 243,2;1 325,6;1 408,2;1 513,7;1 612,1;1 728,9;1 845;1 925,8;1 967,8;1 867,3;1 853,2;1 803,3;1 727,8;1 733,3;1 762,6;1 817,6;1 893,9;1 979,6;2 043,8;2 081,8;1 613,4;1 887,1;2 322;:
ES611;Almería;7 987,3;8 569,2;9 378,4;10 061,1;10 683,1;11 781,4;12 616,9;13 664,5;13 988,7;12 961,6;12 729,2;11 888;11 753,2;11 584,6;12 116,1;13 048,9;14 185,7;15 159,4;15 282,1;16 003,6;14 764,3;14 860,9;16 425,6;:
ES612;Cádiz;13 496,4;14 467,8;15 418,3;16 381,8;17 926,7;19 222,8;20 703,1;21 802,1;22 028,1;20 705,8;21 046;20 970,7;20 162,5;19 733,9;19 552,7;20 227,8;20 879,6;21 860,4;22 462,6;23 352,6;20 477,4;22 876,9;25 424,1;:
ES613;Córdoba;8 180,8;8 662,2;9 170,9;10 061,7;10 936,1;11 639;12 738,4;13 734,8;13 935,7;13 427,8;13 326,5;13 157,2;12 399;12 542,3;12 604,8;13 354,3;13 567,3;14 113;14 292,4;14 237,2;13 134,5;14 512,1;15 426,2;:
ES614;Granada;8 669,7;9 420,2;10 325,2;11 185,1;11 966,5;12 816,1;14 392,8;15 430,6;15 857,5;15 176,8;15 075,6;15 053,7;14 718,1;14 609;15 079,1;15 864,6;15 888,3;16 314,4;16 798,6;17 538,1;15 967,9;17 357,4;18 900,2;:
ES615;Huelva;5 991,9;6 170,1;6 531,1;7 047,4;7 704,8;8 368,8;8 762,7;9 191,5;9 457,2;8 733,9;8 966,6;9 283,9;9 030,1;8 425,2;8 408,1;8 936,1;9 289;10 037,9;10 616,5;10 650,6;9 353,4;10 640,2;13 566,2;:
ES616;Jaén;6 717,3;7 267,3;7 593;8 724,9;9 105,6;9 372,5;10 096;10 938,3;11 118,3;10 882,1;10 923,8;10 914,8;9 750,5;10 391,7;9 892,2;11 120,1;10 903,6;11 122,2;11 635,3;11 267,3;10 781,4;11 853,9;11 736,3;:
ES617;Málaga;14 950,8;16 756,8;17 938,1;19 628,6;21 782,8;24 490,2;26 235,9;27 664,6;28 518,3;27 701,7;27 697,1;27 250,6;26 063;25 828,4;26 607,9;27 876,4;28 513,6;29 891,6;31 204,4;32 530,1;28 516,6;32 619,8;37 176,9;:
ES618;Sevilla;20 766,6;22 650,7;24 914,4;27 003;28 921;31 564,9;33 827,7;36 583,8;37 343,7;36 212,7;36 089;35 975,6;35 176,2;34 178,9;34 874,4;35 977,8;36 674,9;38 290,7;39 602,4;40 899,3;37 457,4;41 575;44 979,9;:
ES620;Murcia;16 088,7;17 524,5;19 015,7;20 644,9;22 159,2;24 272,4;26 355,8;28 418,1;29 541,1;28 076,3;28 372,2;27 698,3;26 950,8;27 046,9;27 239,1;29 168,7;30 009,1;31 192,5;31 715,3;33 000,7;30 440,3;33 603,6;37 492,7;:
ES630;Ceuta;948,7;985,8;1 040,1;1 109,6;1 170,8;1 237;1 327,1;1 420,5;1 484;1 484,4;1 494,1;1 491,2;1 438,9;1 454,8;1 446,6;1 498,5;1 537,4;1 553,6;1 611,6;1 660;1 535,7;1 634,1;1 764;:
ES640;Melilla;871;906,6;947,8;1 011,6;1 076,5;1 145;1 227,1;1 296,1;1 357,6;1 361,9;1 367,4;1 374,5;1 325,9;1 339,5;1 350,6;1 407,6;1 452,8;1 466,6;1 510,9;1 560,1;1 452;1 534,1;1 654,4;:
ES703;El Hierro;85,7;95,8;107;120,7;127;155;165,2;170,3;189,1;192,8;197,8;184,8;184,7;174,3;186,3;176,8;160,4;178,2;185,5;198,3;175,5;186,3;209,5;:
ES704;Fuerteventura;1 136,2;1 269,8;1 390,7;1 534,4;1 704,6;1 789,7;1 930,1;2 023,3;2 039,1;1 895,9;1 914,8;1 948,7;1 908,3;1 980,9;2 036,1;2 173;2 250,6;2 375,5;2 504,4;2 519,7;1 854,8;2 229,6;2 731,7;:
ES705;Gran Canaria;10 621,4;11 495,7;12 089,6;12 773,1;13 171,3;13 746,8;14 697,2;15 618,2;16 169,8;15 682,4;15 436,9;15 302,6;14 687,9;14 656,6;14 607;14 901,4;15 724,6;16 365,9;16 980;17 387,4;14 638;16 029;18 786,4;:
ES706;La Gomera;209,3;226,6;259,2;279,5;297,4;347,3;372,7;390,7;418,7;415,2;409,8;400;405,8;392,6;393,5;394,3;360,1;385;391,5;399,1;326,6;366,8;419,5;:
ES707;La Palma;848,4;897,7;965,5;1 062,9;1 119,8;1 255,1;1 353,9;1 414,2;1 543,1;1 538,6;1 556,4;1 518,2;1 439,2;1 378,1;1 387;1 416,1;1 388,4;1 481,1;1 525,5;1 588,5;1 407,2;1 473,6;1 665,4;:
ES708;Lanzarote;1 767,9;1 988,6;2 174,7;2 317,5;2 432,1;2 642,2;2 789,2;2 935,3;2 922,6;2 814,5;2 775,2;2 842,6;2 746,9;2 881,6;2 929,6;3 031,8;3 158,3;3 348,3;3 489,9;3 571,6;2 666,7;3 105,5;3 808,7;:
ES709;Tenerife;10 317,2;11 263,2;12 115,1;13 016,7;13 995;15 167,6;16 137,5;17 350;17 873,7;16 966;17 447,3;17 414,8;16 866,8;16 602,9;16 773,4;17 543,2;17 937,3;18 901,8;19 532,5;20 102,2;16 518,6;18 016,5;20 929,9;:
ESZZZ;Extra-Regio NUTS 3;571,3;602,8;609,1;573,7;689,7;775,8;915,1;938,5;994,7;1 025,3;1 095,8;1 461,8;1 139;1 215,5;1 171,1;1 235,1;1 123,7;1 135,8;1 137;1 172,5;1 193,1;1 236,4;1 327,7;:
AT111;Mittelburgenland;571,89;611,18;599,99;636,09;644,43;665,23;703,15;747,03;701,55;729,12;733,96;782,21;800,84;833,02;852,62;887,17;929,91;982,47;980,12;999,53;975;1 049,93;1 135,17;:
AT112;Nordburgenland;2 600,43;2 660,77;2 784,61;2 846,72;3 100,91;3 119,05;3 315;3 508,58;3 522,31;3 572,6;3 766,46;3 933,51;4 164,15;4 279,9;4 425,06;4 720,68;4 845,42;4 980,98;5 164,41;5 322,95;5 158,69;5 558,93;6 149,09;:
AT113;Südburgenland;1 728,02;1 760,79;1 821,27;1 777,24;1 787,35;1 793,09;1 814,5;1 970,77;2 016,11;2 042,45;2 158,05;2 264,58;2 294,4;2 291,92;2 370,01;2 454,35;2 545,42;2 646,92;2 687,74;2 745,05;2 639,1;2 830,45;3 032,69;:
AT121;Mostviertel-Eisenwurzen;4 557,21;4 698,05;4 740,45;4 826,66;5 093,71;5 393,9;5 765,37;6 237,59;6 376,69;6 165,54;6 225,74;6 574,58;6 858,41;7 013,09;7 152,76;7 461;7 853,54;8 365,03;8 504,44;8 855,51;8 407,58;8 874,56;9 603,7;:
AT122;Niederösterreich-Süd;4 827,45;4 945,43;5 049,98;5 191,74;5 390,11;5 620,14;5 929,1;6 290,31;6 431,6;6 222,84;6 468,52;6 753,28;6 958,65;7 063,75;7 420,47;7 565,7;7 710,57;7 997,03;8 370,84;8 645,73;8 319,35;8 600,04;9 288,93;:
AT123;Sankt Pölten;3 782,35;3 864,11;3 921,78;3 971,08;4 082,15;4 270,54;4 461,12;4 828,78;4 996,01;5 127,47;5 241,13;5 530,52;5 674,6;5 774,82;5 890,71;6 240,58;6 498,09;6 698,33;6 786,71;7 071,84;6 979,14;7 282,3;7 846,82;:
AT124;Waldviertel;4 100,81;4 176,42;4 248,13;4 342,87;4 551,44;4 635,24;4 752,7;4 937,58;5 168,59;5 116,23;5 170,32;5 442,86;5 542,82;5 639,74;5 813,09;5 997,4;6 250,41;6 416,98;6 691,28;6 956,3;6 850,7;7 333,84;7 912,67;:
AT125;Weinviertel;1 722,41;1 733,92;1 755,1;1 785,08;1 883,9;1 853,87;1 943,47;2 104,25;2 184,21;2 154,79;2 195,14;2 349,99;2 316,92;2 415,75;2 464,49;2 616,47;2 787,47;2 856,24;2 920,14;3 074,86;3 061,26;3 349,25;3 626,5;:
AT126;Wiener Umland/Nordteil;5 096,58;5 258,86;5 368,47;5 428,03;5 908,79;6 073,76;6 551,5;7 011,54;7 660,99;7 422,69;7 591,38;8 150,24;8 426,3;8 603,7;8 732,01;8 688,18;8 866,76;9 112,29;9 436,28;9 914,49;9 621,59;10 571,04;12 147,5;:
AT127;Wiener Umland/Südteil;9 552,86;9 258,42;9 379,97;9 716,03;10 890,24;11 436,14;11 972,59;12 817,3;13 138,9;12 857,98;13 182,06;13 602,08;14 034,45;13 923,74;14 566,48;15 209,09;16 067,34;16 779,58;17 693,73;18 691,47;16 071,34;17 401,77;19 322,37;:
AT130;Wien;56 460,45;58 318,73;60 607,58;61 305,3;62 924,23;66 068,49;69 354,88;72 705,38;75 605,8;75 026,82;76 942,2;79 361,41;80 734,11;81 911,33;83 467,6;86 162,34;90 444,1;91 606,81;95 891,94;98 542,48;95 759,07;103 425,65;110 702,62;:
AT211;Klagenfurt-Villach;7 292,2;7 486,43;7 665,24;7 813,37;8 195,74;8 523,08;8 862,81;9 567,83;9 928,14;9 442,67;9 896,66;10 394,59;10 478,53;10 426,2;10 935,54;11 188,69;11 406,55;12 020,3;12 597,8;12 977,01;12 756,56;13 634,56;14 817,42;:
AT212;Oberkärnten;2 401,95;2 431,3;2 480,69;2 518,6;2 611,41;2 681,19;2 919,13;3 084,59;3 247,74;3 162,54;2 999,91;3 132,2;3 143,67;3 266,77;3 250,74;3 195,16;3 292,95;3 370,55;3 477;3 629,03;3 573,89;3 692,13;4 334,17;:
AT213;Unterkärnten;2 828,07;2 928,31;3 022,36;3 161,41;3 296,26;3 365,56;3 613,31;3 882,09;3 885,41;3 656,86;3 846,27;4 033,54;4 239,62;4 222,49;4 466,68;4 551,81;4 641,65;4 715,39;4 980,29;5 116,54;4 847,09;5 249,66;5 970,5;:
AT221;Graz;11 962,66;12 326,64;12 505,51;13 168,61;13 918,17;14 441,51;15 247,22;16 195,76;16 744,13;16 494,62;16 609,09;17 640,11;18 375,44;18 345,48;19 019,66;19 649,44;20 719,13;21 745,93;22 571,86;23 593,74;22 691,98;24 259,38;26 238,28;:
AT222;Liezen;1 761,66;1 787,65;1 801,08;1 782,84;1 915,33;1 978,81;2 066,83;2 198,47;2 298,52;2 235,68;2 259,2;2 348,87;2 490,38;2 530,57;2 602,84;2 695,28;2 838,13;2 882,13;2 952,7;3 014,28;2 887,03;2 938,02;3 424,47;:
AT223;Östliche Obersteiermark;3 790,2;3 962,62;4 052,99;4 080,82;4 242,7;4 654,38;5 003,9;5 459,16;5 467,82;5 171,28;5 129,85;5 637,28;5 751,19;5 661,13;5 896,33;6 050,31;5 932,94;6 186,27;6 271,39;6 394,27;5 690,31;6 103,5;7 139,15;:
AT224;Oststeiermark;4 421,52;4 605,14;4 687,74;4 942,01;5 113,92;5 275,71;5 528,74;6 037,94;6 243,33;6 216,1;6 420,19;6 625,16;6 937,25;6 952,3;7 355,23;7 441,86;7 756,73;8 226,61;8 385,44;8 710,79;8 513,68;9 042,64;9 943,02;:
AT225;West- und Südsteiermark;3 327,07;3 460,01;3 402,54;3 586,96;3 817,2;3 843,94;4 078,71;4 343,1;4 415,49;4 191,62;4 551;4 767,42;4 924,45;4 964,32;5 084,21;5 132,74;5 413,95;5 706,86;5 827,93;6 142,99;6 032,06;6 496,81;7 029,77;:
AT226;Westliche Obersteiermark;2 169,83;2 233,17;2 273,22;2 206,15;2 361,05;2 354,76;2 521,02;2 622,46;2 743,43;2 533,4;2 733,52;2 805,16;2 869,97;2 844,64;2 787,31;2 747,07;3 041,9;3 134,21;3 169,38;3 303,71;3 177,41;3 323,48;3 808,44;:
AT311;Innviertel;5 097,7;5 287,96;5 526,6;5 667,69;5 972,79;6 339,41;6 760,09;7 297,57;7 499,62;7 267,65;7 605,99;8 328,93;8 729,29;9 113,64;9 609,38;9 672,17;10 127,65;10 686,71;11 194,43;11 543,35;11 124,85;12 122,97;13 235,78;:
AT312;Linz-Wels;17 995,58;19 166,07;19 252,27;20 171,18;20 698,18;21 960,55;23 026,71;24 543,21;26 091,76;24 975,61;25 730,2;26 951,3;27 235,39;27 664;28 034;29 580,55;30 038,46;31 399,53;33 053,37;34 225,06;33 323,19;35 481,45;38 907,04;:
AT313;Mühlviertel;2 860,59;2 892,49;2 948,34;2 971,03;3 132,35;3 251,87;3 467,52;3 717,21;3 966,1;4 075,91;4 020,48;4 304,39;4 482,91;4 732,43;4 862,62;5 089,96;5 339,64;5 565,06;5 767,3;5 967,99;5 893,57;6 492,33;7 097,85;:
AT314;Steyr-Kirchdorf;3 716,19;3 985;4 186,45;4 356,31;4 623,3;4 900,88;5 202,4;5 423,26;5 573,16;5 162,29;5 409,73;5 739,56;6 091,36;6 159,81;6 327,14;6 465,75;6 784,04;6 730,96;6 959,61;7 034,82;6 776,99;7 184,81;7 528,7;:
AT315;Traunviertel;5 317,49;5 512,96;5 662,3;5 649,77;5 853,78;6 352,91;6 635,61;6 981,26;7 067,03;7 005,89;6 939,47;7 579,32;7 611,94;7 841,6;8 259,59;8 329,03;8 802,59;9 059,4;9 588,97;9 998,62;9 413,85;9 866,23;10 632,83;:
AT321;Lungau;422,75;410,81;419,43;435,63;423,26;433,36;464,28;490,17;512,15;533,64;551,88;573,17;604,86;585,36;622,03;652,99;678,85;694,37;756,7;746;683,51;655,51;820,4;:
AT322;Pinzgau-Pongau;3 738,61;3 856,27;3 956,54;4 083,06;4 128,19;4 472,03;4 724,66;5 095,74;5 281,78;5 210,6;5 341,16;5 581,09;5 753,45;5 851,37;5 916,58;6 176,41;6 600,53;6 819,87;7 157,2;7 375,85;6 943,4;6 402,68;8 526,58;:
AT323;Salzburg und Umgebung;10 795,33;11 145,7;11 474,88;11 862,83;12 706,77;13 202,22;13 990,07;14 965,29;15 132,59;14 713,94;15 663,82;16 390,38;17 066,61;16 889,96;17 291,93;18 099,15;18 819,91;19 397,23;20 070,48;20 907,03;20 452,71;22 420,6;24 454,61;:
AT331;Außerfern;816,35;912,3;920,73;932,86;948,69;1 076,08;1 114,72;1 173,26;1 198,01;1 166,15;1 049,8;1 268,84;1 318,97;1 265,28;1 336,29;1 418,57;1 410,62;1 436;1 516,77;1 569,4;1 448,54;1 434,27;1 784,79;:
AT332;Innsbruck;8 045,75;8 349,48;8 603,91;8 852,61;9 080,44;9 650,93;10 100,89;10 577,33;10 822,44;10 691,96;10 916,12;11 327,39;11 800,87;12 226,19;12 376,44;12 976,53;13 378,95;13 736,52;14 362,68;14 927,82;14 178,3;14 954,54;16 435,9;:
AT333;Osttirol;910,54;962,67;1 002,59;1 011,25;1 035,13;1 141,36;1 210,04;1 209,16;1 241,72;1 265,01;1 286,96;1 308,17;1 360,64;1 422,88;1 484,77;1 551,42;1 606,51;1 647,57;1 700,89;1 723,09;1 709,88;1 839,9;1 944,4;:
AT334;Tiroler Oberland;2 247,2;2 335,03;2 398,82;2 495,08;2 572,12;2 649,67;2 785,68;2 934,28;3 097,57;3 141,19;3 224,71;3 463,74;3 622,37;3 735,06;3 850,27;4 137,49;4 300,54;4 421,66;4 708,6;4 783,36;4 183,69;3 605,85;5 260,6;:
AT335;Tiroler Unterland;5 783,97;6 052,5;6 273,5;6 501,99;6 668,87;7 318,68;7 845,66;8 292,49;8 257,2;8 333,82;8 706,37;8 962,79;9 358,93;9 586,43;9 799,47;10 283,5;10 818,89;11 361,94;11 754,66;12 328,61;11 840,75;12 023,24;13 920,01;:
AT341;Bludenz-Bregenzer Wald;2 181,04;2 322,72;2 406,67;2 471,56;2 620,39;2 852,28;3 068,28;3 212,46;3 405,76;3 491,71;3 510,2;3 642,43;3 689,96;3 762,08;3 934,64;4 163,39;4 113,65;4 189,83;4 381,89;4 574,71;4 331,11;4 310,66;5 457,05;:
AT342;Rheintal-Bodenseegebiet;7 412,19;7 560,31;7 778,51;7 883,92;8 235,04;8 580,48;9 016,45;9 632,88;9 794,78;9 565,13;9 837,09;10 481,12;10 706,05;11 261,47;11 722,92;12 696,2;12 859,95;13 580,09;14 752,26;14 158,27;13 857,76;16 270,03;18 372,49;:
ATZZZ;Extra-Regio NUTS 3;108,77;109,7;111,03;109,75;114,52;117,06;115,51;114,41;126,64;132,57;136;133,74;136,29;130,58;130,48;136,23;138,47;138,42;142,58;143,59;141,84;145,67;152,92;:
SI031;Pomurska;959,95;1 003,36;1 056,08;1 081,29;1 147,23;1 178,23;1 243,75;1 355,21;1 426,41;1 351,48;1 349,6;1 413,97;1 394,71;1 411,77;1 454,5;1 467,79;1 533,84;1 613,3;1 714,79;1 791,01;1 761,02;1 934,22;2 123,17;2 319,81
SI032;Podravska;2 870,85;3 037,84;3 297,81;3 398,48;3 603,77;3 788,34;4 117,77;4 618,9;5 003,41;4 705,17;4 679,37;4 796,05;4 675,65;4 668,73;4 851,73;4 966,61;5 109,56;5 376,04;5 711,45;6 089,02;5 904,84;6 612,37;7 216,84;8 086,23
SI033;Koroška;684,98;728,99;749,97;764,1;799,82;847,01;886,64;982,96;1 042,16;931,58;933,51;985,16;981,79;980,88;1 008,09;1 061,39;1 095,48;1 159,01;1 228,79;1 294,15;1 234,08;1 326,49;1 492,78;1 606,98
SI034;Savinjska;2 468,06;2 561,11;2 792,41;2 883,01;3 044,21;3 224,63;3 422,68;3 819,62;4 186,97;3 916,44;4 009,1;4 140,22;4 050,21;4 028,99;4 174,96;4 334,7;4 491,41;4 772,3;5 034,07;5 315,07;5 051,07;5 617,57;6 223,99;6 816,96
SI035;Zasavska;487,66;497,62;496,94;496,96;518,43;548,6;570,91;622,48;664,14;615,64;625,43;627,24;592,44;590,72;592,5;588,17;601,55;627,58;662,09;702,4;700,26;758,75;837,48;942,48
SI036;Posavska;697,15;718,19;797,62;762,08;803,34;865,96;911,39;1 012,82;1 084,57;996,16;992,16;1 023,55;999,2;985,4;994,06;1 041,39;1 079,73;1 147,85;1 235,06;1 339,86;1 334,24;1 431,52;1 619,16;1 878,45
SI037;Jugovzhodna Slovenija;1 485,13;1 556,68;1 668,52;1 751,92;1 875,89;1 940,89;2 148,19;2 387,3;2 547,65;2 370,42;2 404,47;2 443,84;2 364,81;2 393,36;2 459,27;2 552,39;2 628,74;2 892,01;3 097,1;3 335,08;3 251,47;3 472,51;3 710,23;4 004,3
SI038;Primorsko-notranjska;449,18;460,89;489,49;503,87;527,61;545,9;584,82;656,53;705,36;670,62;652,54;662,52;638,76;655,97;685,49;733,01;764,6;787,01;820,78;841,79;815;932,04;993,71;1 063,87
SI041;Osrednjeslovenska;7 227,19;7 774,07;8 346,72;9 141,35;9 665,48;10 260,55;11 285,78;12 571,16;13 623,59;13 323,47;13 356,72;13 554,93;13 354,87;13 406,17;13 856,6;14 227,08;14 916,95;15 832,17;17 025,49;18 122,11;18 055,11;20 394,81;21 810,95;25 144,48
SI042;Gorenjska;1 910,34;2 051,49;2 172,94;2 277,62;2 418,71;2 500,25;2 648,86;2 968,17;3 171,31;2 877,18;2 954,54;3 035,56;2 987,52;3 077,76;3 245,64;3 374,52;3 477,22;3 760,84;4 016,53;4 255,17;3 906,35;4 325,56;4 978,51;5 493,01
SI043;Goriška;1 279,04;1 355,11;1 437,7;1 488,24;1 544,34;1 618,57;1 731,99;1 982,49;2 129,81;1 982,77;1 967,67;1 977,13;1 906,26;1 898,75;1 941,97;2 025,09;2 107,73;2 239,14;2 332,28;2 426,6;2 307,8;2 571,52;2 813,1;3 217,25
SI044;Obalno-kraška;1 206,72;1 272,76;1 373,54;1 455,79;1 535,42;1 595,48;1 747,39;1 959,28;2 156,67;2 089,44;2 125,68;2 122,04;1 987,35;1 942,76;2 006,11;2 121,76;2 206,36;2 418,22;2 584,01;2 644,2;2 417,46;2 645,27;3 088,86;3 377,43
;;;;;;;;;;;;;;;;;;;;;;;;;
Special value;;;;;;;;;;;;;;;;;;;;;;;;;
:;not available;;;;;;;;;;;;;;;;;;;;;;;;